-98.379,-202.74,-302.56,-412.2,-507.02,1.559,0.89942,3.357,7.285,4.6307,3.4933,0.95234,9.282,5.2215,5.4589,98.453,202.75,302.72,412.29,507.07
-98.333,-167.99,-305.8,-405.68,-505.05,4.3587,18.596,4.5946,6.9287,12.265,7.3887,22.134,8.4666,11.664,15.156,98.706,170.46,305.95,405.91,505.42
-97.873,-197.07,-300.27,-401.74,-504.31,4.8044,7.4432,13.553,0.45821,11.843,7.1126,11.09,19.065,15.07,19.788,98.248,197.52,301.18,402.02,504.84
-99.637,-197.54,-304.19,-406.46,-496.93,3.915,6.9845,1.4386,4.383,14.811,5.6021,10.588,6.3818,9.8647,21.702,99.871,197.95,304.26,406.6,497.63
-99.056,-196.83,-303.52,-403.5,-508.04,1.4122,8.7556,-0.62585,13.714,4.119,2.9151,17.43,0.97879,20.745,7.5839,99.108,197.79,303.52,404.27,508.12
-100.77,-193.04,-295.59,-409.16,-506.39,0.83864,4.2649,5.4401,1.9158,7.6936,0.9756,8.9802,13.23,2.7208,15.331,100.78,193.3,295.93,409.17,506.68
-100.27,-203.95,-306.31,-406.39,-506,2.0266,2.1358,3.0255,5.0283,9.5069,4.4964,3.9001,4.8609,10.255,13.696,100.39,204,306.36,406.55,506.27
-101,-204.91,-305.71,-406.71,-501.26,2.5742,2.9941,3.7032,5.2456,5.6482,4.2639,3.7248,4.1932,9.5015,11.237,101.12,204.97,305.77,406.86,501.42
-100.43,-204.56,-302.62,-410.44,-505.56,2.6338,6.0091,0.95103,10.962,3.1055,4.668,10.457,6.4894,10.055,5.4324,100.58,204.91,302.7,410.71,505.59
-99.351,-197,-299.07,-397.56,-490.47,1.2118,9.1082,3.6913,14.552,11.877,2.1834,13.497,7.5357,19.934,17.22,99.382,197.67,299.19,398.32,490.91
-92.901,-197.86,-296.06,-399.55,-496.86,5.5365,8.5295,9.7194,10.506,14.918,8.794,12.536,12.676,13.28,20.964,93.48,198.44,296.49,399.91,497.52
-94.761,-190.08,-302.01,-407.83,-511.99,2.5719,4.0965,5.9241,5.4638,7.4377,5.3256,9.1794,10.204,9.5931,10.434,94.945,190.35,302.24,407.98,512.15
-92.192,-195.44,-296.04,-403.86,-510.2,6.9553,5.8263,-4.9638,4.3873,6.6758,8.9643,7.3577,4.7952,8.0073,9.0681,92.888,195.66,296.12,403.97,510.32
-100.32,-194.87,-299.97,-394.72,-511.01,1.0176,5.7861,13.413,13.396,5.8372,2.4251,6.6293,18.626,16.607,8.6139,100.35,195.07,300.84,395.3,511.12
-97.913,-198.7,-303.2,-395.97,-508.12,4.6973,5.8276,-0.48505,11.763,7.7545,7.0978,7.5619,2.7636,14.263,9.8205,98.282,198.93,303.22,396.4,508.27
-99.486,-169.22,-299.26,-400.07,-492.73,-0.37874,10.023,12.1,10.707,12.296,0.15106,18.74,16.26,16.162,17.328,99.487,170.55,299.94,400.54,493.18
-96.906,-205.24,-297.63,-408.05,-496.21,3.2054,2.5903,12.495,3.8483,14.715,4.2939,3.1913,16.158,6.6896,20.894,97.054,205.28,298.33,408.12,496.86
-95.631,-202.09,-308.41,-406.38,-514.31,7.5354,3.6105,13.032,4.7629,5.4014,12.234,5.1953,8.8419,8.0312,6.3807,96.704,202.19,308.81,406.49,514.38
-94.975,-206.23,-310.05,-411.64,-506.85,5.171,9.1255,8.9758,5.2278,7.1864,7.1689,5.0758,4.9765,1.947,8.6637,95.386,206.49,310.21,411.68,506.97
-97.378,-198.31,-300.69,-389.93,-485.68,3.4226,7.0599,5.764,10.367,13.752,5.9926,9.7723,8.3096,17.382,21.781,97.622,198.68,300.86,390.46,486.36
-98.098,-202.58,-302.23,-402.93,-510.23,1.6942,0.11113,2.2073,3.5408,13.715,3.3524,1.602,7.4804,7.4921,10.922,98.17,202.58,302.34,403.02,510.53
-100.19,-211.27,-300.62,-413.6,-503.81,3.1985,5.7116,1.2087,-0.73481,9.5689,4.4425,6.5643,4.0052,1.3101,10.812,100.34,211.45,300.65,413.61,504.02
-98.128,-167.42,-300.2,-402.66,-503.95,2.9538,19.516,4.7158,5.5976,11.399,3.4519,24.945,8.4489,8.3167,15.447,98.233,170.39,300.35,402.78,504.32
-98.229,-200.32,-297.4,-406.76,-482.15,3.1723,3.864,1.8572,5.1162,12.274,5.5957,9.6469,6.1864,11.855,19.259,98.439,200.59,297.47,406.96,482.69
-98.167,-204.69,-298.12,-405.48,-510.61,2.2471,0.56725,-3.1425,10.541,7.0323,4.9225,6.0937,6.6257,12.719,9.6278,98.316,204.78,298.21,405.82,510.75
-99.568,-200.68,-304.92,-404.66,-504.14,1.2053,0.88262,3.1405,6.709,10.575,1.6127,1.5591,4.6646,8.1608,9.5754,99.588,200.69,304.97,404.8,504.34
-99.241,-199.25,-307.44,-405.16,-508.73,1.2097,0.63202,5.0759,2.3477,3.6601,2.2417,2.7378,9.3711,4.1216,3.7083,99.274,199.27,307.63,405.19,508.76
-100.8,-204.33,-302.64,-408.45,-518.06,3.1984,4.0169,5.5611,4.3497,10.465,5.1787,4.8724,7.9589,6.4825,3.8508,100.99,204.43,302.8,408.53,518.18
-99.022,-202.24,-305.4,-407.41,-506.15,2.0878,-0.225,3.9597,6.5152,4.9679,3.8218,0.74967,4.737,7.1456,2.9982,99.118,202.24,305.46,407.53,506.18
-99.256,-200.9,-291.05,-408.68,-511.5,3.1609,3.0846,10.656,7.9809,9.9796,3.9902,3.9343,12.947,8.3764,7.1911,99.387,200.97,291.53,408.84,511.65
-97.942,-199.78,-298.41,-409.64,-508.99,5.1831,11.619,11.238,6.4974,3.2559,10.22,19.827,15.214,6.0084,7.5455,98.61,201.1,299.01,409.73,509.06
-96.873,-200.46,-302.75,-404.66,-510.37,4.1815,5.5035,0.99317,5.9923,4.3024,6.0113,7.8758,2.7101,6.1693,1.5735,97.149,200.69,302.76,404.75,510.39
-85.104,-200.11,-302.96,-403.53,-505.07,6.4301,3.1253,1.4994,0.73237,2.9767,11.998,6.1966,5.8451,3.8864,4.9588,86.186,200.23,303.02,403.55,505.1
-96.944,-202.91,-303.44,-393.23,-504.83,3.1205,-1.6102,-1.5702,10.496,1.9462,4.2299,-0.050294,-1.4998,12.648,1.4627,97.086,202.92,303.45,393.58,504.84
-100.53,-202.23,-304.49,-406.86,-509.62,0.63013,-0.65705,1.5011,4.8694,6.255,0.67545,1.463,5.5851,9.3115,6.6252,100.53,202.23,304.55,407,509.71
-97.428,-198.06,-304.11,-405.68,-510.75,4.8194,10.466,6.1774,5.6742,6.5776,7.1055,15.254,7.5038,9.6425,6.3481,97.806,198.92,304.26,405.83,510.84
-96.219,-202.74,-301.72,-402.26,-506.12,3.3625,2.7844,5.5682,4.0367,3.337,6.4981,5.0645,11.222,6.092,4.121,96.497,202.83,301.98,402.33,506.15
-99.025,-202.19,-307.1,-409.01,-500.26,1.2616,0.27056,0.17456,5.3715,8.2806,2.8217,0.25719,5.7686,6.1881,10.539,99.074,202.19,307.16,409.09,500.44
-97.759,-197.69,-298.78,-401.15,-507.06,2.6975,2.9861,11.199,13.665,7.4938,3.5758,2.8843,16.51,19.622,12.504,97.862,197.73,299.44,401.86,507.27
-96.263,-203.47,-295.52,-401.77,-510.94,4.9181,1.4916,13.714,13.245,3.7657,7.1685,1.5295,19.238,18.393,-0.16218,96.655,203.48,296.46,402.41,510.96
-99.758,-194.19,-302.21,-404.56,-507.38,1.4416,11.209,-1.3751,1.4814,3.5042,2.2005,22.106,1.857,3.9954,3.2105,99.793,195.77,302.21,404.58,507.41
-97.469,-197.29,-297.49,-404.86,-499.41,1.5539,3.5178,3.4157,-1.7059,15.829,1.8167,4.6996,7.6608,-7.37,23.024,97.498,197.38,297.61,404.93,500.19
-98.761,-204.13,-308.24,-406.07,-508.98,2.766,4.4282,6.2865,3.5358,7.4081,5.2604,3.9923,5.0718,7.5413,6.0749,98.939,204.22,308.34,406.16,509.07
-98.01,-200.75,-302.16,-403.92,-506.57,1.016,4.3455,2.3336,7.9824,7.4711,2.6815,9.5483,8.4998,14.012,12.414,98.052,201.02,302.29,404.25,506.77
-99.397,-202.21,-303.36,-405.96,-508.97,0.78771,0.88056,0.26432,3.6814,7.0977,1.8224,3.2306,3.4218,5.9974,8.6607,99.417,202.23,303.38,406.02,509.1
-99.439,-204.99,-294.03,-391.99,-491.87,1.4905,2.2083,3.3649,4.0548,14.177,2.5526,1.9435,8.6517,9.5595,20.816,99.483,205.01,294.18,392.13,492.51
-99.621,-203.12,-299.73,-410,-511.92,0.36809,3.3253,5.0171,6.1028,9.5176,0.46602,4.7854,7.4683,7.4587,10.479,99.622,203.21,299.87,410.12,512.11
-98.08,-200.65,-303.21,-407.21,-507.52,2.1813,4.1997,4.6931,5.8051,7.7332,4.9008,10.429,10.377,9.5065,9.2005,98.227,200.97,303.43,407.36,507.67
-98.855,-198.59,-294.95,-403.38,-489.04,2.2979,10.963,8.3628,4.8586,17.364,2.921,16.29,11.655,10.78,23.909,98.924,199.55,295.3,403.56,489.94
-99.442,-202.42,-298.43,-395.8,-505.23,0.42047,1.7995,1.572,4.1573,10.26,0.3331,2.1565,2.5216,8.1144,14.95,99.444,202.44,298.44,395.9,505.56
-95.825,-202.38,-295.93,-390.68,-509.11,3.295,1.7158,9.0948,7.6046,7.6939,4.541,2.5788,10.631,7.2887,9.1333,95.989,202.41,296.26,390.83,509.25
-98.717,-195.7,-303.65,-407.26,-508.61,3.9401,7.0228,3.025,4.7217,2.2906,6.3237,8.3652,8.3912,7.6319,6.3264,98.997,196.01,303.78,407.36,508.65
-96.563,-204.03,-304.94,-395.81,-508.4,3.1414,1.5388,1.6843,10.085,6.3106,4.7518,4.0736,5.2659,14.166,7.1758,96.731,204.08,304.99,396.19,508.49
-96.28,-202.73,-300.25,-409.32,-502.87,3.6757,1.9781,9.5972,6.5269,4.022,5.4635,5.0686,13.627,9.9568,6.0322,96.505,202.8,300.71,409.49,502.92
-96.976,-201.53,-299.41,-402.69,-508.14,2.1253,-0.70825,12.302,18.352,10.119,2.6368,2.3995,17.8,25.817,11.644,97.035,201.55,300.19,403.93,508.37
-96.36,-203.83,-304.77,-412.52,-512.17,4.5956,2.5865,0.47536,5.7843,5.6846,7.0744,6.2995,5.8911,8.5665,7.1147,96.728,203.95,304.82,412.65,512.25
-94.915,-193.7,-302.77,-407.75,-510.72,7.5961,10.855,6.164,7.1638,8.8197,13.475,16.468,9.3979,8.1423,8.772,96.168,194.7,302.97,407.9,510.87
-96.378,-194.96,-308,-386.55,-499.81,2.2285,9.3608,6.487,11.863,15.415,3.1052,14.013,4.8012,16.825,18.309,96.454,195.69,308.11,387.1,500.38
-96.963,-201.4,-308.29,-409.16,-512.74,4.9082,3.3069,6.0425,7.2822,7.4366,7.6851,8.0518,7.7941,8.6465,9.8903,97.39,201.59,308.45,409.32,512.89
-98.902,-202.95,-305.54,-407.42,-505.9,0.73506,1.255,3.872,2.7324,6.53,2.1085,3.7493,6.7391,4.8716,6.6962,98.927,202.99,305.63,407.46,505.98
-96.472,-194.7,-292.71,-410.77,-509,4.8351,7.6895,10.128,5.1603,9.8775,7.3572,10.44,12.886,3.3856,17.908,96.873,195.13,293.16,410.82,509.41
-98.642,-202.92,-304.68,-410.66,-495.62,3.3662,0.48818,0.81917,3.3987,18.829,5.4621,-0.047377,5.2558,2.7374,21.614,98.851,202.92,304.73,410.68,496.45
-97.611,-196.38,-307.69,-407.61,-519.73,2.8536,12.615,2.8601,0.797,9.2893,4.0334,19.998,4.0159,0.16112,6,97.736,197.8,307.73,407.61,519.84
-102.64,-168.52,-305.23,-411.4,-484.06,3.9394,6.207,2.6174,5.5799,-3.4115,4.6261,35.957,8.1164,10.034,31.539,102.82,172.42,305.35,411.56,485.1
-105.43,-196.61,-306.84,-399.24,-498.44,0.65054,8.2716,2.4256,16.782,18.044,2.1788,10.861,2.9213,23.486,27.872,105.46,197.09,306.86,400.28,499.54
-96.986,-193.06,-307.03,-407.68,-508.85,4.0667,9.3693,2.2304,1.4826,4.8428,6.1833,20.359,3.873,1.0169,2.1808,97.268,194.36,307.06,407.68,508.87
-96.289,-200.86,-298.84,-394.39,-503.64,3.6546,0.56775,11.044,10.159,8.7387,5.1483,3.0307,14.81,13.103,12.689,96.496,200.89,299.41,394.74,503.87
-98.39,-201.67,-296,-404.31,-506.47,2.6155,0.70903,8.9645,0.69905,8.9172,4.5332,1.6321,10.591,-2.1587,15.011,98.529,201.68,296.33,404.32,506.77
-98.297,-196.17,-299.48,-407.4,-497.99,3.5467,5.9119,12.548,5.5067,3.3776,5.4833,7.5709,17.892,6.6046,19.779,98.514,196.4,300.28,407.49,498.39
-96.659,-200.49,-308.71,-416.31,-493.99,3.9456,8.9081,0.11018,9.7646,12.42,5.3485,12.833,4.0508,6.8242,16.983,96.887,201.1,308.74,416.48,494.44
-98.202,-200.74,-302.94,-402.54,-508.59,1.3368,0.55108,1.5565,6.9047,21.301,2.8903,2.7008,3.4624,14.213,14.383,98.254,200.76,302.96,402.85,509.24
-97.207,-198.6,-297.93,-409.57,-505.65,2.3139,3.3117,10.143,6.0824,7.1074,2.9578,4.8596,14.043,6.6367,10.962,97.28,198.69,298.43,409.67,505.82
-99.67,-202.12,-297.79,-403.39,-470.8,1.8488,4.3367,3.6437,8.0557,15.096,3.1021,8.878,3.8273,14.307,32.973,99.735,202.36,297.84,403.73,472.19
-100.63,-202.46,-306.53,-409.36,-506.64,2.3422,3.0474,4.1332,5.4215,12.717,4.0499,4.3429,5.067,7.0216,13.329,100.74,202.53,306.6,409.46,506.98
-98.12,-199.19,-301.67,-404.34,-504.58,2.1131,3.5999,4.0136,8.201,5.2659,2.7836,5.1244,5.2122,14.12,11.467,98.182,199.29,301.74,404.67,504.74
-100.25,-198.34,-301.52,-407.28,-512.7,2.492,6.8995,3.2256,8.7661,5.6508,4.1952,16.047,9.0524,14.678,3.8202,100.37,199.11,301.68,407.64,512.74
-98.229,-200.05,-300.73,-403.3,-516.92,0.62252,2.6548,7.4469,3.8114,7.1873,1.8815,7.1392,11.787,8.2374,8.327,98.249,200.19,301.05,403.4,517.04
-99.841,-200.71,-290.17,-406.36,-509.84,0.19055,4.0555,-2.0021,2.4254,6.3765,0.37498,9.66,7.0366,2.2662,5.2915,99.842,200.99,290.26,406.37,509.9
-97.158,-197.85,-300.34,-400.03,-504.54,3.0983,7.8442,12.115,15.3,3.8604,4.4689,10.745,16.627,21.257,13.568,97.31,198.29,301.05,400.89,504.73
-99.1,-201.33,-302.75,-408.24,-508.25,0.41447,-1.1959,1.0541,4.8606,7.1308,2.1041,0.24368,6.5563,7.3458,13.521,99.124,201.33,302.82,408.34,508.48
-97.025,-201.52,-299.26,-404.57,-507.31,2.2713,2.4957,1.0004,6.2953,16.65,2.9291,3.5614,2.6848,11.466,11.424,97.096,201.57,299.27,404.78,507.72
-99.319,-201.77,-306.93,-408.96,-508.79,1.069,-1.12,5.2228,6.0363,8.1775,2.4139,0.57881,8.1104,4.154,13.535,99.354,201.78,307.09,409.02,509.04
-99.176,-201.49,-304.48,-409.1,-510.39,1.0177,3.5525,-0.18338,4.934,5.8681,2.1685,9.05,-0.040658,9.1112,4.3964,99.205,201.73,304.48,409.23,510.44
-100.19,-199.71,-306.66,-384.72,-479.73,0.26701,6.5046,2.5212,10.611,14.332,1.3988,15.929,7.3112,17.234,22.259,100.2,200.45,306.75,385.25,480.46
-99.858,-189.82,-298.81,-408.95,-509.3,0.51232,8.568,12.494,6.2156,5.8112,1.8851,13.241,24.149,7.5948,5.1228,99.877,190.48,300.05,409.07,509.36
-99.685,-201.91,-304.09,-404.69,-509.58,0.21156,-1.1566,1.0962,5.7194,5.5909,1.4472,0.27142,-0.25884,11.697,6.8899,99.695,201.92,304.09,404.9,509.66
-98.609,-202.36,-304.62,-405.64,-505.15,2.287,0.99744,0.822,-1.9347,4.3751,4.3878,0.033932,2.8994,-1.6077,7.0674,98.733,202.36,304.64,405.65,505.22
-96.221,-198.61,-304.78,-406.43,-511.38,3.6871,7.0851,5.6351,5.7893,5.4382,8.5303,17.646,11.777,11.361,8.8487,96.669,199.51,305.06,406.63,511.48
-99.123,-197.72,-300.89,-411.73,-491.91,0.78314,3.96,4.9269,0.51875,12.257,2.2945,3.5189,7.5159,3.8216,17.38,99.153,197.79,301.03,411.75,492.36
-100,-197.65,-300.29,-399.01,-512.44,1.0637,7.2149,7.537,13.615,7.4458,1.5445,9.6814,10.128,17.791,6.9327,100.02,198.02,300.56,399.63,512.54
-97.391,-201.89,-303.39,-403.64,-511.25,3.643,-0.38114,3.856,4.8292,5.8082,5.3404,1.2492,7.3792,8.3929,4.0032,97.605,201.89,303.5,403.76,511.3
-100.03,-194.75,-301.77,-406.1,-508.12,1.5045,3.7908,6.0242,6.3762,7.6117,2.3366,4.885,11.582,11.246,11.808,100.07,194.85,302.05,406.31,508.32
-99.702,-215.69,-308.28,-402.39,-473.94,2.5359,3.2601,6.4313,0.78428,19.762,4.2756,5.3828,6.1738,6.7408,29.544,99.826,215.78,308.41,402.45,475.27
-96.27,-197.67,-302.7,-398.85,-506.3,5.1269,6.5609,1.9395,13.112,4.594,7.9408,8.6639,1.64,17.885,2.2554,96.733,197.96,302.71,399.47,506.33
-96.338,-199.41,-304.67,-410.26,-499.27,3.6657,7.6601,6.3302,5.9876,10.457,5.12,10.79,8.4393,6.6012,12.555,96.544,199.85,304.85,410.36,499.54
-99.008,-202.21,-303.95,-402.54,-525.01,2.3146,4.3149,0.46703,0.05515,1.5401,4.8944,8.2987,3.8686,1.8756,4.9575,99.156,202.42,303.97,402.54,525.03
-98.147,-203.43,-304.09,-386.71,-508.66,3.079,3.4518,4.4095,11.048,11.007,4.7682,9.7448,9.0392,16.576,12.083,98.311,203.69,304.26,387.22,508.92
-98.929,-198.76,-292.55,-421.49,-511.21,0.52323,6.8883,8.3693,-3.348,5.118,1.9132,16.411,11.986,-0.57739,4.6648,98.949,199.56,292.91,421.5,511.26
-96.674,-196.91,-297.5,-381.52,-509.04,2.5795,5.6227,12.355,4.5842,6.3636,3.3999,6.5288,17.147,14.099,5.6739,96.768,197.1,298.25,381.81,509.11
-97.792,-202.13,-293.53,-397.71,-498.82,4.4369,3.5358,9.8313,14.327,16.587,6.5757,6.0657,12.268,19.028,25.012,98.113,202.25,293.95,398.43,499.72
-100.67,-208.95,-299.61,-417.93,-525.73,2.2793,-0.99373,-2.9152,9.7411,2.0548,5.1557,0.32313,9.9337,-0.96416,0.22885,100.83,208.95,299.78,418.05,525.73
-99.115,-204.98,-304,-408.99,-507.39,0.81788,1.93,2.3702,-0.37282,-0.90593,2.0201,0.13689,4.7543,-6.7296,-9.4072,99.139,204.99,304.04,409.05,507.48
-97.405,-202.45,-303.87,-404.77,-505.56,1.9899,0.66176,0.066019,4.8191,5.2403,4.2208,-1.2402,-2.0134,11.58,9.3435,97.517,202.46,303.87,404.97,505.67
-98.731,-217.79,-309.25,-412.83,-515.55,2.327,-3.3459,6.0964,9.0021,10.77,3.572,-2.6191,2.9883,5.6095,6.7602,98.823,217.83,309.33,412.96,515.71
-95.879,-193.67,-300.5,-392.95,-502.35,2.4211,5.9542,0.69713,10.498,5.0568,3.6642,6.3438,4.8552,13.194,10.159,95.98,193.87,300.54,393.31,502.48
-99.396,-203.37,-302.73,-402.52,-507.73,0.76578,0.76244,1.4511,0.068507,8.6386,2.1618,-0.38833,1.55,-1.2238,10.795,99.423,203.37,302.73,402.52,507.92
-101.05,-197,-306.48,-405.03,-510.97,4.1024,5.108,3.4093,4.7055,-1.7079,5.7016,10.556,3.7498,9.3002,9.8775,101.3,197.35,306.53,405.17,511.06
-97.742,-201.48,-297.59,-397.94,-509.88,5.1794,1.0552,11.379,12.784,9.3552,8.1738,4.0262,16.134,17.597,9.8765,98.22,201.52,298.24,398.53,510.06
-98.483,-201.77,-303.46,-405.64,-505.53,1.8065,1.0312,1.2854,5.6456,4.0614,3.5449,2.6233,3.0249,8.3681,3.3316,98.563,201.79,303.48,405.77,505.55
-101.01,-197.45,-304.62,-405.95,-505.59,3.4098,6.6863,6.8401,7.2691,12.317,5.0817,11.929,12.266,13.14,17.878,101.2,197.92,304.94,406.22,506.05
-95.858,-214.78,-299.66,-405.17,-501.31,3.2601,-0.7876,13.67,0.074907,7.9717,5.4232,5.842,19.848,-1.7899,10.746,96.066,214.86,300.62,405.17,501.49
-96.397,-201.83,-300,-402.59,-505.1,3.0518,0.65611,13.141,5.4411,5.6522,4.2243,-0.12834,19.157,7.6573,9.1351,96.537,201.83,300.9,402.7,505.22
-99.846,-201.53,-302.76,-403.97,-510.97,1.0858,0.67114,3.8621,5.0862,5.4098,2.1459,2.3911,7.7092,9.2149,4.6475,99.875,201.55,302.89,404.1,511.02
-100.21,-202.31,-304.65,-405.65,-508.07,2.5198,0.85722,3.756,3.4567,6.7901,4.0649,3.1561,6.0057,8.0605,8.4126,100.32,202.34,304.73,405.74,508.19
-98.6,-199.15,-308.2,-400.63,-506.09,1.1924,4.7344,10.341,-3.3035,4.9005,2.5847,9.1253,6.0154,6.2918,8.4034,98.641,199.42,308.43,400.7,506.19
-98.341,-205.53,-304.63,-406.83,-503.95,2.5757,9.2058,0.35673,4.6717,5.6551,4.1083,6.6353,3.3749,0.60391,4.7028,98.46,205.84,304.65,406.86,504
-96.407,-198.99,-304.73,-405.07,-498.65,4.6233,10.622,5.4889,6.19,13.761,6.4149,14.799,5.9094,9.6505,14.904,96.73,199.82,304.84,405.23,499.06
-99.685,-202.75,-303.44,-408.34,-508.27,0.68689,-1.7715,-2.5491,2.7783,6.5664,0.93213,-0.45378,-0.74986,5.0511,10.587,99.692,202.75,303.45,408.38,508.42
-98.23,-200.36,-296.46,-405.05,-509.4,3.0106,5.4301,9.7293,2.4273,6.3197,4.4809,7.6192,14.866,6.4888,8.3741,98.379,200.58,296.99,405.11,509.51
-99.57,-202.7,-307.3,-402.22,-492.79,1.7571,1.3953,4.9732,7.774,-17.172,2.1563,1.568,1.4252,14.084,15.625,99.609,202.71,307.34,402.54,493.33
-98.906,-200.58,-303.1,-408.76,-497.82,1.1731,8.5148,7.6883,4.6901,3.7722,2.6731,13.602,15.871,5.009,7.7272,98.949,201.22,303.61,408.82,497.89
-96.785,-203.02,-303.73,-408.44,-510.37,7.5542,0.85884,7.3497,-7.1784,2.7531,12.354,3.1893,11.166,-13.457,1.148,97.863,203.05,304.03,408.73,510.38
-96.779,-196.22,-304.65,-408.91,-511.21,3.5363,3.0067,2.0683,6.3509,7.3137,4.9484,5.7635,3.6228,8.6135,8.082,96.97,196.33,304.68,409.05,511.33
-98.141,-196.53,-306.47,-406.41,-509.32,0.84278,0.37129,4.9794,3.1375,8.2352,1.765,4.4816,7.0206,0.62365,11.873,98.161,196.58,306.59,406.42,509.53
-99.492,-198.25,-292.31,-416.14,-489.47,0.87336,6.2274,3.3695,4.696,6.6127,1.6798,8.8847,2.1566,3.7044,15.643,99.51,198.55,292.33,416.18,489.77
-99.988,-202.99,-299.06,-395.46,-508.42,0.85124,1.0831,11.269,10.984,4.4047,1.3389,6.1359,15.694,13.707,7.6962,100,203.09,299.68,395.85,508.5
-97.49,-207.1,-303.53,-405.02,-503.4,4.5283,8.2089,6.173,3.5412,13.627,6.6175,11.729,11.687,5.2286,17.199,97.819,207.59,303.82,405.07,503.87
-99.304,-202.51,-304.18,-385.54,-491.28,0.70798,-0.42901,0.64228,23.496,14.591,2.2636,1.5563,3.9647,22.28,21.776,99.332,202.52,304.21,386.9,491.98
-95.517,-196.48,-298.44,-399.27,-508.41,4.9722,6.9904,13.089,15.581,7.1816,7.7794,9.8404,17.412,21.09,10.617,95.962,196.85,299.24,400.13,508.57
-94.889,-202.59,-304.51,-406.97,-502.78,3.1089,-2.348,0.64774,6.5267,15.942,4.2608,-0.61806,0.26727,10.987,22.552,95.035,202.6,304.51,407.18,503.54
-99.223,-201.58,-302.32,-405.72,-506.73,1.3082,0.76544,0.50798,5.7665,7.3088,3.0488,3.4268,4.7159,10.564,12.714,99.279,201.62,302.36,405.9,506.94
-96.11,-199.56,-300.47,-408.61,-509.44,3.834,0.40772,-0.52277,1.237,6.3459,6.2089,2.8623,2.6815,2.2098,10.08,96.387,199.58,300.49,408.61,509.58
-97.078,-201.89,-298.91,-399.6,-507.8,3.0643,1.7941,7.7234,14.999,8.3045,4.2254,1.9187,11.602,20.98,12.404,97.218,201.91,299.24,400.43,508.02
-99.896,-217.49,-304.17,-406.15,-515.84,2.3606,-5.3346,2.2709,3.8663,5.8166,4.4945,-0.3353,4.4799,4.3018,3.8468,100.03,217.56,304.21,406.19,515.89
-99.505,-198.85,-301.03,-396.14,-499.92,3.8032,0.84045,3.8442,6.3353,7.5139,4.4087,2.9509,8.5975,9.7915,9.6519,99.675,198.87,301.18,396.31,500.07
-97.739,-198.28,-302.68,-401.66,-509.4,1.6336,7.0418,3.2419,9.8131,3.4741,2.0653,14.652,6.6193,12.464,4.8515,97.775,198.94,302.77,401.97,509.43
-96.301,-200.84,-301.87,-402.77,-500.49,3.1658,1.6882,3.2988,8.0175,18.31,4.2742,4.2985,7.0987,11.919,26.429,96.448,200.9,301.97,403.03,501.53
-88.512,-202.83,-304.35,-405.71,-509.66,5.903,1.064,0.89163,5.0028,7.6556,8.6612,4.3258,3.6712,8.732,13.149,89.131,202.88,304.38,405.83,509.89
-75.737,-202.31,-304.62,-407.01,-504.04,5.0729,0.42023,2.4072,6.0778,8.9262,13.33,4.1272,7.2063,9.4487,12.981,77.068,202.35,304.71,407.16,504.28
-98.819,-202.31,-303.18,-411.69,-512.31,1.9743,2.6902,3.1154,8.686,9.15,3.9974,7.5535,6.3987,8.5901,9.4232,98.919,202.47,303.27,411.87,512.48
-99.43,-200.35,-304.31,-407.12,-518.68,2.5754,3.9807,4.4119,3.2695,11.9,5.1283,7.7112,7.5233,-0.85778,6.1439,99.596,200.54,304.44,407.14,518.85
-99.361,-198.99,-292.05,-388.89,-509.42,0.74807,1.2643,7.6206,13.881,12.334,2.2581,4.3874,11.281,15.993,16.143,99.389,199.04,292.36,389.47,509.83
-98.029,-201.63,-302.71,-398.78,-511.03,3.9084,-1.9427,1.7758,13.142,9.4683,5.5922,-0.11064,-0.78908,17.67,7.4331,98.266,201.64,302.71,399.38,511.18
-99.815,-197.51,-298.65,-404.78,-506.05,1.496,2.0816,11.02,6.2346,1.1233,2.6067,0.74905,15.182,8.8307,1.9041,99.861,197.52,299.24,404.92,506.06
-99.787,-200.4,-304.36,-404.59,-503.5,2.6335,3.1689,5.7825,3.301,10.235,4.4748,6.0991,10.862,1.6653,12.089,99.922,200.51,304.61,404.6,503.75
-95.07,-201.11,-292.13,-376.93,-490.67,4.1668,1.4219,6.7149,16.081,10.966,5.5443,-0.33522,7.3324,24.447,15.125,95.323,201.12,292.3,378.07,491.03
-99.144,-203.12,-304.07,-403.27,-508.77,1.9242,2.5729,1.3171,0.42079,4.3636,2.728,1.1075,-2.5538,2.1082,7.002,99.2,203.14,304.08,403.28,508.84
-96.273,-197.3,-296.84,-407.11,-512.86,4.0967,8.1138,9.2486,7.1155,9.2733,5.9137,16.96,12.363,6.6573,6.8081,96.541,198.2,297.24,407.23,512.99
-98.877,-201.75,-301.9,-408.96,-507.68,1.4181,1.5301,2.4163,3.7365,6.276,2.922,2.8783,5.4027,5.1092,10.722,98.93,201.77,301.95,409,507.83
-96.842,-201.82,-305.87,-405.6,-505.08,6.0079,5.1073,6.2238,5.3554,11.213,9.2201,6.9733,8.1506,9.9249,14.653,97.465,202.01,306.04,405.75,505.41
-99.807,-170.4,-304.97,-406.48,-510.11,2.7601,12.031,4.4548,22.869,1.6979,5.0355,38.645,5.4862,13.244,9.9194,99.972,175.14,305.05,407.34,510.21
-99.559,-199.66,-303.33,-408.14,-484.4,1.9107,6.4141,3.557,5.9168,15.198,3.0331,14.568,8.8863,8.8491,23.703,99.623,200.29,303.48,408.28,485.21
-100.28,-200.58,-292.68,-403.72,-511.14,0.72469,0.25583,9.4189,2.8279,5.4527,0.66864,1.1939,10.96,1.4937,6.4295,100.28,200.59,293.04,403.74,511.21
-99.693,-202.81,-299.41,-403.9,-480.38,2.6992,3.0383,12.67,7.3738,13.414,4.7796,5.6039,17.82,11.28,29.098,99.844,202.91,300.21,404.13,481.45
-96.87,-201.18,-302.39,-399.43,-503.97,2.9624,3.6179,4.1356,15.537,7.3395,4.0195,7.0756,10.437,21.047,12.184,96.999,201.34,302.6,400.28,504.17
-96.71,-186.61,-308.36,-404.14,-511.77,3.3587,8.9541,5.2374,3.9948,5.8287,4.8749,11.383,3.4691,9.9442,3.76,96.891,187.18,308.43,404.28,511.81
-94.397,-198.1,-299.18,-407.71,-493.49,3.9266,8.2802,11.001,3.4817,7.3834,5.3902,11.71,15.069,2.583,19.006,94.632,198.61,299.76,407.73,493.91
-99.531,-202.68,-303.88,-400.78,-512.55,1.8124,2.0469,0.95683,6.9677,10.165,2.7282,5.3345,1.6375,11.405,7.9068,99.585,202.76,303.89,401,512.71
-86.522,-194.3,-296.64,-403.12,-519.33,6.6672,4.1499,-4.6662,-7.6467,10.678,8.1865,7.3954,5.2824,8.779,6.1333,87.164,194.49,296.73,403.29,519.48
-97.042,-197.57,-304.15,-406.39,-488.59,4.0499,10.574,4.1338,6.1578,10.424,6.2853,16.289,9.3322,10.493,30.765,97.33,198.52,304.32,406.57,489.67
-98.923,-201.28,-312.22,-400.61,-493.15,0.72713,3.8778,20.474,3.8412,24.106,2.0711,8.2766,8.675,6.5421,23.643,98.947,201.48,313.01,400.68,494.31
-99.705,-201.98,-309.08,-404.66,-507.35,1.2303,2.8372,0.52126,4.448,8.2898,1.0841,2.7479,2.6252,8.3984,12.316,99.719,202.02,309.09,404.77,507.57
-98.586,-207.27,-304.12,-416.42,-517.86,3.447,7.1004,3.1375,10.807,9.7059,4.9563,8.186,6.5047,7.0504,3.5829,98.77,207.56,304.21,416.62,517.97
-98.041,-201.27,-300.09,-402,-507.09,1.3274,0.75543,-0.033927,1.64,10.109,2.1092,2.0281,2.7668,4.5575,15.807,98.073,201.29,300.1,402.03,507.43
-98.479,-200.91,-303.81,-402.69,-507.58,1.3114,0.83621,3.5325,9.1948,12.709,2.9188,1.6447,9.2985,14.758,20.8,98.531,200.91,303.97,403.07,508.17
-103.58,-203.65,-299.27,-402.78,-512.3,1.6696,2.6536,12.591,6.0126,5.108,2.5241,3.5304,17.944,9.7082,-0.82442,103.63,203.7,300.08,402.95,512.33
-98.278,-204.43,-301.27,-403.78,-505.66,2.0561,3.1403,1.1424,9.8995,9.3746,3.4928,4.1124,4.5611,17.245,14.967,98.362,204.49,301.31,404.27,505.97
-96.973,-197.77,-300.67,-402.98,-508.35,1.8105,5.272,1.4113,8.063,8.2944,1.7765,6.3248,5.2037,11.902,12.985,97.007,197.94,300.72,403.24,508.59
-98.322,-201.84,-299.31,-400.51,-507.61,3.8914,9.9091,13.094,16.345,9.0103,5.7585,15.996,18.829,22.129,12.261,98.567,202.72,300.19,401.45,507.84
-95.917,-199.97,-299.25,-411.8,-508.52,2.5923,5.7997,12.175,7.5545,9.2851,3.3929,8.0571,17.479,3.5148,12.742,96.012,200.21,300.01,411.88,508.77
-99.603,-200.42,-303.51,-408.53,-508.42,1.472,3.3499,0.47153,3.5629,8.3893,2.5664,8.5556,4.7303,-0.72051,12.048,99.646,200.63,303.55,408.55,508.63
-97.075,-204.64,-296.04,-411.13,-514.03,4.1415,3.4879,10.096,3.4219,7.5042,5.7778,3.6586,12.292,-0.60128,1.768,97.335,204.7,296.47,411.15,514.09
-98.711,-199.54,-303.65,-406.12,-514.89,2.0241,1.3306,-1.3516,0.53988,8.507,5.0915,4.5374,1.0266,-3.2111,3.6326,98.863,199.6,303.65,406.14,514.98
-98.109,-199.54,-302.78,-406,-492.99,3.9734,4.0911,2.5032,2.6313,9.4153,6.2741,10.323,5.5265,0.74291,15.791,98.39,199.85,302.84,406.01,493.34
-99.156,-200.02,-305.23,-407.51,-503.69,2.6194,6.0311,4.2768,1.4113,8.3095,3.8246,8.3228,7.8027,0.69212,12.209,99.264,200.28,305.36,407.51,503.91
-98.97,-198.53,-307.31,-403.41,-506.45,2.1129,4.6726,3.5874,6.9621,8.6941,4.3802,11.237,4.0461,10.901,12.136,99.089,198.91,307.36,403.62,506.67
-99.895,-200.83,-299.64,-397.84,-501.05,2.1,-1.3859,3.3443,3.9136,16.321,3.6639,0.30877,7.1397,6.9169,23.668,99.985,200.84,299.75,397.92,501.88
-97.16,-196.15,-309.72,-405.59,-503.6,3.8162,7.2493,6.2035,2.8097,2.7713,6.2145,18.388,3.2059,0.73511,5.757,97.434,197.14,309.8,405.6,503.64
-97.714,-196.25,-295.81,-406.12,-501.77,2.0596,3.5318,1.2545,3.5979,14.253,3.0624,3.9847,5.8104,4.1152,21.442,97.783,196.32,295.87,406.16,502.43
-98.4,-198.63,-300.97,-403.74,-503.39,0.13902,3.1527,0.62395,6.8925,3.9171,1.5076,9.148,5.3475,12.239,3.4372,98.412,198.86,301.02,403.98,503.42
-98.035,-201.83,-299.88,-404.14,-503.46,1.8544,-0.20836,2.2566,1.792,13.777,2.7654,0.77429,5.7673,1.4119,19.728,98.092,201.84,299.94,404.15,504.03
-97.958,-202.56,-297.89,-402.45,-506.83,2.4011,4.2739,9.1474,16.383,9.67,4.7527,5.1132,12.146,23.833,15.005,98.103,202.67,298.28,403.48,507.14
-97.902,-200.83,-306.19,-394.49,-502.12,3.8113,2.8121,4.976,14.856,9.8448,6.3498,8.4012,4.9514,19.279,14.159,98.181,201.03,306.27,395.24,502.42
-104.41,-203.67,-297.21,-403.23,-512.31,0.60607,3.1403,12.187,0.41863,6.1473,2.2572,4.0285,16.706,-2.5673,4.1944,104.43,203.73,297.93,403.23,512.36
-98.147,-201.38,-301.91,-399.65,-503.33,1.2391,-0.9554,0.36068,3.693,11.634,2.8643,0.17379,2.3685,6.6598,15.607,98.196,201.38,301.92,399.72,503.7
-100.15,-202.27,-302.33,-408.02,-503.49,0.52967,0.42224,3.3498,3.3584,5.0885,0.74052,-1.4789,6.2272,4.7712,5.506,100.15,202.28,302.42,408.06,503.54
-96.817,-203.96,-305.09,-408.22,-501.88,3.5593,3.5761,2.8622,4.2802,15.881,5.6141,3.6405,4.8436,6.2293,17.384,97.045,204.03,305.14,408.29,502.43
-98.107,-202.25,-303.41,-397.15,-496.37,3.578,1.0122,1.3057,13.096,14.51,5.4428,4.0594,3.7925,17.063,21.474,98.323,202.29,303.43,397.73,497.05
-100.19,-203.5,-301.81,-409.06,-507.67,2.1851,2.2369,10.768,5.0203,6.69,4.2685,5.1394,15.434,7.4432,10.622,100.3,203.57,302.4,409.16,507.82
-100.48,-201.35,-301.87,-403.6,-500.07,1.299,-0.85003,2.7123,9.9056,10.273,1.7236,0.62112,7.9177,17.449,12.042,100.51,201.35,301.99,404.09,500.32
-98.263,-203.36,-305.31,-410.31,-511.65,3.3574,4.3201,0.058546,6.3989,3.7356,5.1055,8.07,2.1077,8.4693,7.3185,98.453,203.56,305.31,410.44,511.71
-99.316,-197.59,-296.55,-399.71,-500.07,2.0951,6.4351,10.401,12.47,15.7,3.7551,9.0938,14.41,14.995,22.58,99.409,197.91,297.08,400.18,500.83
-100.31,-203.91,-299.38,-404.36,-503.88,2.3227,2.3118,8.385,4.3201,7.1867,4.2805,3.4488,16.989,9.316,12.198,100.43,203.95,299.98,404.49,504.08
-97.041,-201.81,-302.9,-405.3,-508.41,3.2837,0.027662,3.576,5.5617,8.9484,5.0101,3.3777,9.8905,11.986,14.133,97.226,201.84,303.08,405.52,508.68
-98.941,-193.25,-302.8,-401.23,-508.21,2.3865,10.967,2.0708,7.9245,9.8164,5.577,24.909,7.9363,15.781,14.002,99.126,195.16,302.92,401.61,508.5
-97.266,-199.16,-299.74,-412.88,-507.62,3.7416,7.4273,11.755,7.6521,5.6804,5.6901,10.227,16.117,5.5589,9.1915,97.504,199.56,300.4,412.99,507.73
-98.94,-202.16,-304.14,-407.89,-505.87,2.4878,0.49995,3.1012,6.9359,10.274,5.9501,5.1119,8.95,10.461,15.701,99.15,202.23,304.29,408.08,506.22
-100.65,-203.28,-296.53,-399.26,-504.34,2.4921,2.7015,11.922,13.282,14.894,4.315,6.0409,16.406,18.13,21.227,100.78,203.39,297.23,399.89,505
-99.076,-204.09,-305.75,-406.83,-506.63,2.2608,1.1093,3.7243,2.9418,5.3985,4.6081,4.8802,5.5361,3.8029,8.5926,99.208,204.16,305.82,406.86,506.73
-96.128,-201.03,-302.57,-403.8,-502.58,5.0292,-3.1595,-0.26099,6.3844,7.8955,10.608,7.7453,4.8588,12.885,11.534,96.842,201.21,302.61,404.06,502.78
-107.86,-200.64,-295.9,-404.35,-504.75,0.78732,1.5721,-3.3779,3.1981,8.6266,2.4561,4.4919,6.3731,9.8106,12.047,107.89,200.69,295.99,404.48,504.97
-99.005,-196,-296.82,-404.26,-509.18,2.7437,6.694,9.3025,2.9185,7.392,5.3688,8.9675,12.824,8.1558,5.8409,99.188,196.32,297.24,404.35,509.27
-96.55,-202.63,-303.56,-406.22,-505.73,2.3662,0.42231,0.4572,2.5004,0.40813,3.3424,-0.81563,-0.34331,-0.56991,1.0334,96.637,202.63,303.56,406.23,505.74
-99.461,-200.26,-309.78,-415.37,-510.48,1.2427,-0.59199,8.4657,11.025,5.192,1.8799,1.5485,5.4756,6.0788,2.0237,99.486,200.27,309.95,415.56,510.51
-98.003,-201.83,-297.3,-404.27,-500.44,2.9331,0.77436,0.14335,4.3905,2.4356,5.3969,3.7842,7.5044,10.212,15.617,98.196,201.87,297.39,404.43,500.69
-97.762,-203.76,-300.82,-396.72,-508.97,4.4096,2.9643,3.1826,12.596,8.7363,9.5085,2.4983,5.4281,15.505,11.989,98.322,203.8,300.89,397.22,509.19
-99.709,-202.77,-302.38,-404.29,-505.69,1.5087,2.6334,1.0315,6.7318,2.6069,0.9543,6.3056,5.9934,10.724,3.029,99.725,202.88,302.45,404.49,505.71
-96.493,-200.4,-297.74,-391.33,-506.71,3.0977,1.3345,6.4785,8.0831,6.921,4.1402,4.1993,8.0142,9.0711,10.969,96.632,200.45,297.92,391.52,506.88
-99.115,-202.77,-303.94,-405.81,-484.23,0.51203,0.13503,-0.081507,9.1575,8.1289,1.8782,2.6935,3.2709,11.971,21.9,99.135,202.78,303.96,406.09,484.8
-104.1,-194.05,-301.56,-394.79,-493.78,-3.0651,5.3777,-1.9814,13.557,15.435,-2.3077,5.9653,1.9944,17.438,20.348,104.17,194.22,301.57,395.41,494.44
-97.59,-204.35,-310.42,-399.14,-512.73,5.1814,6.8957,8.9012,14.623,5.8972,7.6373,12.682,8.956,19.907,4.2281,98.026,204.86,310.67,399.9,512.78
-98.31,-198.69,-302.82,-404.67,-503.47,1.15,6.52,1.072,4.3214,4.0844,3.0658,16.288,5.5018,9.3896,9.3428,98.365,199.46,302.87,404.81,503.57
-100.1,-201.08,-302.32,-404.72,-508.3,2.0528,2.3952,4.4941,1.7283,7.8506,3.4806,6.4606,10.713,7.078,11.475,100.18,201.2,302.54,404.79,508.49
-100.78,-202.07,-293.38,-397.54,-512.72,2.1091,2.0406,4.5097,-5.1901,6.4001,2.5943,0.37862,9.7426,4.8616,2.8776,100.83,202.08,293.58,397.61,512.76
-100.18,-200.52,-299.66,-409.48,-499.2,2.8628,4.2308,15.25,7.2825,18.384,5.0323,8.1603,22.71,8.3152,27.868,100.35,200.73,300.9,409.62,500.31
-99.754,-201.06,-302.97,-407.91,-498.26,0.96415,-0.19794,4.4102,17.353,9.7303,1.5978,1.6572,7.5602,10.664,15.593,99.772,201.06,303.1,408.42,498.59
-104.23,-204.43,-306.82,-400.54,-507.84,-2.1297,5.7359,5.4987,13.386,6.5295,-2.1324,7.8837,3.3778,18.577,11.078,104.28,204.66,306.88,401.2,508
-100.32,-205.31,-307.53,-402.43,-508.57,1.4503,-3.5709,10.566,8.9073,8.7311,2.4674,7.2059,9.3859,11.994,14.609,100.37,205.46,307.86,402.7,508.85
-98.01,-201.99,-305.1,-401.47,-504.83,1.8407,4.9299,2.2258,2.6891,1.3075,2.0495,7.0337,4.8323,5.1014,0.32805,98.048,202.17,305.15,401.51,504.83
-100.48,-201.85,-303.97,-410.89,-508.5,1.6594,0.79,-0.006823,8.0735,7.7075,2.4829,2.7415,1.019,8.5092,13.997,100.52,201.87,303.97,411.05,508.75
-100.55,-202.28,-301.78,-405.67,-511.95,0.57311,0.86693,0.89788,1.8373,4.8213,0.93143,3.0357,4.6935,-1.0951,4.3577,100.55,202.31,301.82,405.67,511.99
-99.627,-202.72,-303.98,-399.9,-508.46,0.74285,3.0896,2.7021,-1.6894,5.9763,1.5432,5.3717,2.2656,1.5738,10.746,99.642,202.81,304,399.91,508.61
-90.695,-201.56,-303.01,-406.91,-487.03,4.6414,1.9583,3.0095,5.5024,13.504,6.6733,0.84944,3.9056,10.229,20.848,91.059,201.57,303.05,407.08,487.66
-99.237,-202.17,-304.16,-406.7,-515.51,0.66508,2.2722,1.464,2.644,9.0562,1.8864,5.9548,6.3803,3.0489,7.0608,99.257,202.27,304.23,406.72,515.63
-97.418,-196.08,-297.21,-402.37,-513.21,3.9162,9.0222,10.872,15.435,6.265,5.4035,13.5,14.745,22.491,5.3789,97.646,196.76,297.78,403.29,513.28
-97.045,-196.89,-295.44,-392.43,-502.47,3.687,2.9607,9.2016,9.5957,5.2306,4.8466,4.8133,10.946,11.252,12.171,97.236,196.97,295.79,392.71,502.64
-97.448,-202.5,-303.89,-403.51,-507.14,0.75204,-0.60975,-1.7479,0.92287,5.4877,2.6798,1.9628,1.4828,2.5156,9.4871,97.488,202.52,303.89,403.52,507.25
-98.992,-200.18,-303.84,-405.68,-503.75,1.4883,0.3228,2.4259,4.6041,7.7351,3.8434,6.6035,5.8297,9.549,13.785,99.078,200.29,303.9,405.82,504
-99.774,-199.64,-303.22,-405.04,-508.74,1.1418,4.6282,0.249,2.5969,10.231,3.429,12.771,2.935,6.9049,15.22,99.839,200.1,303.24,405.11,509.08
-98.547,-202.99,-298.99,-403.79,-500.61,0.33685,1.5622,9.2728,10.589,16.377,0.57459,-0.68043,12.31,14.259,24.227,98.549,202.99,299.39,404.18,501.46
-97.539,-193.61,-305.06,-409.06,-508.53,3.9907,6.7307,5.3321,5.337,5.9069,5.9473,8.2725,6.5764,6.0276,8.4441,97.801,193.9,305.17,409.14,508.64
-96.855,-197.67,-305.22,-405.16,-507.59,2.247,5.2004,-6.2345,5.1272,0.64604,3.3017,7.0474,-6.6826,6.5768,-4.3767,96.937,197.87,305.36,405.25,507.61
-88.894,-197.74,-292.16,-391.71,-504.45,6.4703,4.2425,1.414,0.10462,5.1991,13.259,6.1423,5.0876,6.0524,8.6475,90.109,197.88,292.21,391.76,504.55
-94.671,-201.17,-308.91,-413.45,-504.38,3.6163,11.979,7.3261,17.933,7.0387,5.6266,10.667,5.6097,8.8112,13.647,94.907,201.81,309.05,413.93,504.61
-99.95,-201.65,-303.14,-408.09,-512.17,3.2333,-0.97493,4.7427,15.288,12.057,5.6393,1.2162,8.6503,8.4057,6.9438,100.16,201.65,303.3,408.46,512.36
-95.502,-189.07,-300.74,-393.75,-493.82,4.7265,9.5973,0.014631,11.001,13.237,6.7361,12.92,7.5418,13.256,19.309,95.856,189.76,300.83,394.12,494.38
-97.451,-193.44,-297.85,-410.53,-511.95,2.9397,8.6356,7.7519,6.3072,5.7912,4.9658,18.281,9.0067,4.8053,5.3937,97.622,194.49,298.09,410.61,512.01
-97.834,-205.63,-293.73,-400.13,-511.52,1.1332,3.8094,6.2226,11.714,6.3925,2.9755,3.3728,8.8907,12.995,4.1642,97.886,205.7,293.93,400.51,511.58
-100.84,-202.55,-303.93,-405.83,-509.7,2.0465,0.69121,1.6891,2.2384,5.1523,3.2033,0.23495,3.2823,-0.29923,3.0133,100.91,202.55,303.96,405.83,509.73
-95.451,-199.88,-304.89,-408.83,-494.97,5.5979,4.4433,6.7466,4.1743,13.965,8.6916,5.9573,8.2692,3.5947,20.135,96.01,200.02,305.08,408.87,495.57
-96.89,-205.48,-302.71,-408.65,-510.07,2.253,3.5887,4.4998,2.4493,6.7138,4.8609,3.7062,9.8783,1.6915,9.5128,97.038,205.54,302.9,408.66,510.2
-98.691,-196.76,-295.89,-408.1,-510.57,0.91105,14.02,9.3214,1.3482,2.7545,1.6556,20.123,11.704,2.6903,0.10029,98.709,198.29,296.27,408.11,510.58
-100.4,-204.94,-294.76,-407.56,-513.59,1.7065,2.3589,6.3722,4.9721,3.61,2.74,3.2413,13.095,9.9898,3.6303,100.45,204.98,295.12,407.72,513.61
-99.702,-197.69,-301.86,-392.61,-540.83,3.3535,4.8074,4.035,10.558,-14.109,5.6411,6.0183,7.0743,11.162,-12.393,99.918,197.84,301.97,392.91,541.16
-99.203,-203.42,-303.54,-402.17,-488.28,1.4442,0.42609,0.9266,0.19311,10.816,2.4318,2.6617,3.9938,4.1598,14.074,99.243,203.44,303.57,402.19,488.61
-99.937,-204.06,-305.13,-406.74,-508.28,1.0012,2.0976,1.0372,6.5762,7.3934,2.1677,3.1688,2.6146,12.691,12.182,99.966,204.1,305.14,406.99,508.48
-100.48,-202.56,-308.04,-406.02,-504.56,0.96128,-0.099021,4.3506,0.47062,4.694,1.3663,1.4406,3.0972,-3.1364,6.6282,100.49,202.56,308.09,406.03,504.63
-65.859,-182.28,-301.54,-405.43,-496.38,9.7633,13.202,2.3033,6.1419,11.948,23.223,13.963,10.111,10.977,17.522,70.512,183.29,301.72,405.63,496.83
-97.839,-196.6,-305.64,-402.55,-502.34,3.0447,8.8864,19.435,8.605,12.62,4.5699,18.154,9.2659,14.383,18.134,97.993,197.64,306.39,402.89,502.83
-99.643,-195.33,-272.86,-404.67,-502.28,2.4537,2.2233,13.844,11.888,8.0303,4.6671,4.5801,19.319,15.159,12.842,99.783,195.4,273.89,405.13,502.51
